#	imageID	Label	Probability
1	n03000684	chain_saw	35.3739440441%
2	n04399382	teddy	21.9096630812%
3	n04389033	tank	14.0358299017%
4	n04485082	tripod	4.25136946142%
5	n02841315	binoculars	2.5044189766%
6	n03995372	power_drill	2.23678853363%
7	n03126707	crane	1.50117762387%
8	n03481172	hammer	1.28000825644%
9	n03384352	forklift	0.892542675138%
10	n03530642	honeycomb	0.69838874042%
11	n04069434	reflex_camera	0.579087622464%
12	n04141327	scabbard	0.522002298385%
13	n03649909	lawn_mower	0.484893424436%
14	n03666591	lighter	0.454997457564%
15	n02895154	breastplate	0.443756347522%
16	n02951585	can_opener	0.442547211424%
17	n04599235	wool	0.399677734822%
18	n03908714	pencil_sharpener	0.387179479003%
19	n04009552	projector	0.371477706358%
20	n04179913	sewing_machine	0.354728405364%
21	n02950826	cannon	0.35319654271%
22	n04153751	screw	0.332215987146%
23	n03297495	espresso_maker	0.327953137457%
24	n03967562	plow	0.282018259168%
25	n03584829	iron	0.256599509157%
26	n04372370	switch	0.253639183939%
27	n03445924	golfcart	0.244282092899%
28	n03791053	motor_scooter	0.239795655943%
29	n03697007	lumbermill	0.221934448928%
30	n03874599	padlock	0.219456711784%
31	n07920052	espresso	0.212324107997%
32	n03532672	hook	0.210671103559%
33	n04008634	projectile	0.204130541533%
34	n03496892	harvester	0.201464793645%
35	n03249569	drum	0.20141475834%
36	n03478589	half_track	0.200200616382%
37	n03709823	mailbag	0.176482601091%
38	n04141975	scale	0.168231851421%
39	n02966687	carpenter's_kit	0.166327948682%
40	n03146219	cuirass	0.161653966643%
41	n04090263	rifle	0.147814140655%
42	n04252225	snowplow	0.13644451974%
43	n03527444	holster	0.119985383935%
44	n07802026	hay	0.119894684758%
45	n03623198	knee_pad	0.118839577772%
46	n03000247	chain_mail	0.118315045256%
47	n03208938	disk_brake	0.117894809227%
48	n03482405	hamper	0.110758468509%
49	n04482393	tricycle	0.110023119487%
50	n04428191	thresher	0.10542931268%
51	n03544143	hourglass	0.104698329233%
52	n03498962	hatchet	0.0992609071545%
53	n02879718	bow	0.0990521162748%
54	n07836838	chocolate_sauce	0.0914455275051%
55	n03424325	gasmask	0.089711882174%
56	n03602883	joystick	0.0807128264569%
57	n07892512	red_wine	0.076180009637%
58	n03127747	crash_helmet	0.0759825110435%
59	n02704792	amphibian	0.0748449005187%
60	n04040759	radiator	0.0732049637008%
61	n03124043	cowboy_boot	0.0704966660123%
62	n02749479	assault_rifle	0.0688259548042%
63	n04465501	tractor	0.0682021258399%
64	n03786901	mortar	0.0664913095534%
65	n03594945	jeep	0.0657604832668%
66	n02916936	bulletproof_vest	0.0622762774583%
67	n04067472	reel	0.0617204641458%
68	n01986214	hermit_crab	0.0608040951192%
69	n04286575	spotlight	0.0584745605011%
70	n12267677	acorn	0.0576085294597%
71	n03109150	corkscrew	0.0536933890544%
72	n01704323	triceratops	0.052992941346%
73	n07930864	cup	0.0528770615347%
74	n03785016	moped	0.0514894258231%
75	n04409515	tennis_ball	0.0489676662255%
76	n07753592	banana	0.0476433691802%
77	n04458633	totem_pole	0.0473378866445%
78	n04154565	screwdriver	0.0471982115414%
79	n04041544	radio	0.0459523260361%
80	n03724870	mask	0.0451680185506%
81	n03255030	dumbbell	0.0431542430306%
82	n03729826	matchstick	0.04222257121%
83	n02965783	car_mirror	0.0411244953284%
84	n04192698	shield	0.0407066341722%
85	n03759954	microphone	0.039165263297%
86	n02799071	baseball	0.0384300510632%
87	n03637318	lampshade	0.0380238780053%
88	n03868863	oxygen_mask	0.0374796829419%
89	n04591713	wine_bottle	0.0346722838003%
90	n03916031	perfume	0.0346218468621%
91	n03187595	dial_telephone	0.0338214274962%
92	n04118776	rule	0.0334865675541%
93	n03976657	pole	0.0334632146405%
94	n03763968	military_uniform	0.0317527970765%
95	n03814639	neck_brace	0.0311746407533%
96	n04584207	wig	0.0309865863528%
97	n04522168	vase	0.0305531168124%
98	n04086273	revolver	0.029649832868%
99	n03584254	iPod	0.0288301380351%
100	n02791124	barber_chair	0.0275403872365%
101	n04033901	quill	0.027034454979%
102	n12768682	buckeye	0.0270317890681%
103	n04536866	violin	0.0268664938631%
104	n07613480	trifle	0.0264044996584%
105	n03063689	coffeepot	0.0251770135947%
106	n04442312	toaster	0.0251216697507%
107	n01944390	snail	0.0248708558502%
108	n02794156	barometer	0.0247475400101%
109	n03124170	cowboy_hat	0.0244075170485%
110	n04023962	punching_bag	0.024402316194%
111	n03065424	coil	0.0243701273575%
112	n04505470	typewriter_keyboard	0.0242427762714%
113	n03047690	clog	0.0236248553847%
114	n03720891	maraca	0.0217913198867%
115	n04208210	shovel	0.0211998849409%
116	n04133789	sandal	0.0210755693843%
117	n02096585	Boston_bull	0.0201304326765%
118	n01943899	conch	0.0200016918825%
119	n04259630	sombrero	0.0192783219973%
120	n03843555	oil_filter	0.0190352700884%
121	n02093859	Kerry_blue_terrier	0.0189025420696%
122	n04328186	stopwatch	0.0179710434168%
123	n03075370	combination_lock	0.017857918283%
124	n04606251	wreck	0.0178153830348%
125	n03476991	hair_spray	0.0176171408384%
126	n02817516	bearskin	0.0174373286427%
127	n03803284	muzzle	0.0174087836058%
128	n02971356	carton	0.0173570515472%
129	n02319095	sea_urchin	0.017243088223%
130	n02795169	barrel	0.0157685470185%
131	n15075141	toilet_tissue	0.0154347086209%
132	n03954731	plane	0.015091606474%
133	n04120489	running_shoe	0.0150341322296%
134	n09835506	ballplayer	0.0148533246829%
135	n02113624	toy_poodle	0.0146993319504%
136	n02776631	bakery	0.0146475416841%
137	n03903868	pedestal	0.0145241458085%
138	n01968897	chambered_nautilus	0.0142453965964%
139	n02910353	buckle	0.0141188167618%
140	n04004767	printer	0.0140973294037%
141	n02172182	dung_beetle	0.0140596021083%
142	n04201297	shoji	0.0139412251883%
143	n02102973	Irish_water_spaniel	0.0135222377139%
144	n02992211	cello	0.0134748639539%
145	n03908618	pencil_box	0.013304624008%
146	n04560804	water_jug	0.0132719025714%
147	n02815834	beaker	0.0131577355205%
148	n02102318	cocker_spaniel	0.0130926535348%
149	n04204347	shopping_cart	0.013087822299%
150	n02948072	candle	0.0125961436424%
151	n03188531	diaper	0.0125837235828%
152	n03014705	chest	0.012485634943%
153	n13052670	hen-of-the-woods	0.0123705031001%
154	n02787622	banjo	0.0122111625387%
155	n04380533	table_lamp	0.0121492608741%
156	n03134739	croquet_ball	0.0120581302326%
157	n03657121	lens_cap	0.0118947355077%
158	n04461696	tow_truck	0.0115976952657%
159	n03814906	necklace	0.0113815665827%
160	n02883205	bow_tie	0.0111810310045%
161	n03792782	mountain_bike	0.0111606073915%
162	n03876231	paintbrush	0.0110060151201%
163	n03976467	Polaroid_camera	0.0108025720692%
164	n03110669	cornet	0.0107421445136%
165	n04228054	ski	0.0106750492705%
166	n07579787	plate	0.0106738887553%
167	n02834397	bib	0.0105723360321%
168	n02437312	Arabian_camel	0.0105284780147%
169	n03770439	miniskirt	0.0105259176053%
170	n02892767	brassiere	0.0103445308923%
171	n03773504	missile	0.0102913356386%
172	n04019541	puck	0.0101906531199%
173	n04317175	stethoscope	0.0101169724076%
174	n04204238	shopping_basket	0.0100842502434%
175	n03887697	paper_towel	0.00973165224423%
176	n03970156	plunger	0.00971832487267%
177	n04597913	wooden_spoon	0.00968413951341%
178	n06359193	web_site	0.00965408689808%
179	n03982430	pool_table	0.0093885086244%
180	n04332243	strainer	0.009324272105%
181	n03690938	lotion	0.00917791912798%
182	n04525038	velvet	0.00917753277463%
183	n02099429	curly-coated_retriever	0.00914524134714%
184	n03425413	gas_pump	0.00914280026336%
185	n04507155	umbrella	0.00873415192473%
186	n07753275	pineapple	0.00870192598086%
187	n04336792	stretcher	0.00867474882398%
188	n03871628	packet	0.00854829340824%
189	n07745940	strawberry	0.00840963475639%
190	n03476684	hair_slide	0.0083681770775%
191	n04162706	seat_belt	0.00832716323202%
192	n04252077	snowmobile	0.00829691343824%
193	n02168699	long-horned_beetle	0.00828886259114%
194	n03692522	loupe	0.00819557608338%
195	n02790996	barbell	0.00808859258541%
196	n03443371	goblet	0.00804138326203%
197	n04356056	sunglasses	0.00790958947618%
198	n02769748	backpack	0.00785467855167%
199	n07932039	eggnog	0.00781565831858%
200	n02786058	Band_Aid	0.0077327771578%
201	n02669723	academic_gown	0.00745864235796%
202	n03063599	coffee_mug	0.00734086424927%
203	n03950228	pitcher	0.00732365515432%
204	n03991062	pot	0.00731556501705%
205	n03250847	drumstick	0.00718609298929%
206	n02823428	beer_bottle	0.0071661095717%
207	n02676566	acoustic_guitar	0.00696909337421%
208	n01667778	terrapin	0.00694695627317%
209	n04355933	sunglass	0.00693892507115%
210	n07614500	ice_cream	0.0068766901677%
211	n04044716	radio_telescope	0.00686806524755%
212	n03026506	Christmas_stocking	0.0068181543611%
213	n03041632	cleaver	0.00679681397742%
214	n03794056	mousetrap	0.00677907737554%
215	n03393912	freight_car	0.00676282434142%
216	n02843684	birdhouse	0.00676240451867%
217	n02966193	carousel	0.00663535975036%
218	n03483316	hand_blower	0.00658767967252%
219	n03992509	potter's_wheel	0.00651051450404%
220	n03930630	pickup	0.00645275722491%
221	n07742313	Granny_Smith	0.00641007427475%
222	n04127249	safety_pin	0.00632551164017%
223	n04254120	soap_dispenser	0.00626538385404%
224	n07871810	meat_loaf	0.00625214524916%
225	n07714990	broccoli	0.00619562633801%
226	n07715103	cauliflower	0.00609348535363%
227	n02123045	tabby	0.00599546292506%
228	n03196217	digital_clock	0.00586943788221%
229	n03944341	pinwheel	0.005805307228%
230	n07684084	French_loaf	0.00573795805394%
231	n03485794	handkerchief	0.00571253076487%
232	n02999410	chain	0.00567181741644%
233	n04270147	spatula	0.00566934613744%
234	n07693725	bagel	0.00563331159356%
235	n03866082	overskirt	0.0055855831306%
236	n04330267	stove	0.00552974051971%
237	n04229816	ski_mask	0.00552178353246%
238	n04423845	thimble	0.00548205280211%
239	n07747607	orange	0.00542157577001%
240	n03125729	cradle	0.00542001471331%
241	n04116512	rubber_eraser	0.00535181425221%
242	n02992529	cellular_telephone	0.00528659911652%
243	n03494278	harmonica	0.00514112834935%
244	n03775546	mixing_bowl	0.00510680001753%
245	n02085620	Chihuahua	0.00501191498188%
246	n04462240	toyshop	0.00495237654832%
247	n02909870	bucket	0.00491877872264%
248	n03400231	frying_pan	0.00489262129122%
249	n03630383	lab_coat	0.00487421602884%
250	n03271574	electric_fan	0.00486180215375%
251	n03272562	electric_locomotive	0.00486138051201%
252	n04398044	teapot	0.00478816655232%
253	n04266014	space_shuttle	0.00472464889754%
254	n04037443	racer	0.00471155071864%
255	n07734744	mushroom	0.00471129460493%
256	n02979186	cassette_player	0.00468858343083%
257	n03179701	desk	0.00460549854324%
258	n04557648	water_bottle	0.00456579909951%
259	n12620546	hip	0.004496157635%
260	n03444034	go-kart	0.00447989768873%
261	n03223299	doormat	0.00445930527349%
262	n04265275	space_heater	0.00442188975285%
263	n13044778	earthstar	0.00442174678028%
264	n02708093	analog_clock	0.00439332397946%
265	n02113712	miniature_poodle	0.00438171664428%
266	n04550184	wardrobe	0.00432090782851%
267	n03325584	feather_boa	0.00431494481745%
268	n02447366	badger	0.00428404891863%
269	n03804744	nail	0.0042840201786%
270	n04310018	steam_locomotive	0.00413273082813%
271	n03534580	hoopskirt	0.00408650012105%
272	n02256656	cicada	0.00402941877837%
273	n10565667	scuba_diver	0.00402937257604%
274	n02094433	Yorkshire_terrier	0.00395542301703%
275	n04367480	swab	0.00389166780224%
276	n02219486	ant	0.00388166736229%
277	n03141823	crutch	0.00381707322958%
278	n03825788	nipple	0.00378637887479%
279	n03452741	grand_piano	0.00378570039175%
280	n03721384	marimba	0.00374422961613%
281	n04325704	stole	0.00373130096705%
282	n04392985	tape_player	0.00369286608475%
283	n04467665	trailer_truck	0.00366040840163%
284	n01768244	trilobite	0.00360764788638%
285	n02177972	weevil	0.00360527483281%
286	n03935335	piggy_bank	0.00357415956387%
287	n07860988	dough	0.00356570562872%
288	n04264628	space_bar	0.0034745233279%
289	n02974003	car_wheel	0.00345108019246%
290	n03379051	football_helmet	0.00345092885254%
291	n04443257	tobacco_shop	0.0034268014133%
292	n07716906	spaghetti_squash	0.00341861159541%
293	n04277352	spindle	0.00340871119988%
294	n04125021	safe	0.00338850259141%
295	n04376876	syringe	0.00338226200256%
296	n03595614	jersey	0.00333751231665%
297	n03947888	pirate	0.00332132840413%
298	n03627232	knot	0.00331663432007%
299	n02869837	bonnet	0.00330804832629%
300	n03017168	chime	0.00325704786519%
301	n04517823	vacuum	0.00324992070091%
302	n03127925	crate	0.00324668944813%
303	n04509417	unicycle	0.00324332868331%
304	n03832673	notebook	0.00322404230246%
305	n03983396	pop_bottle	0.00318566053465%
306	n02091032	Italian_greyhound	0.00317809863191%
307	n02276258	admiral	0.00317308949889%
308	n03924679	photocopier	0.0031512863643%
309	n03197337	digital_watch	0.00312882402795%
310	n02797295	barrow	0.00312599622703%
311	n03089624	confectionery	0.00312532574753%
312	n03388549	four-poster	0.00312505144393%
313	n03691459	loudspeaker	0.00309681381623%
314	n02930766	cab	0.00308470516757%
315	n01669191	box_turtle	0.0029786822779%
316	n04346328	stupa	0.00290518910333%
317	n02497673	Madagascar_cat	0.00288312785415%
318	n04554684	washer	0.00288296287181%
319	n03485407	hand-held_computer	0.00286855920422%
320	n07615774	ice_lolly	0.00282392211375%
321	n12144580	corn	0.0027878300898%
322	n03857828	oscilloscope	0.00278531879303%
323	n04476259	tray	0.00272271481663%
324	n04251144	snorkel	0.00272053493973%
325	n02321529	sea_cucumber	0.00265124581347%
326	n03884397	panpipe	0.0026411640647%
327	n04344873	studio_couch	0.00261749300989%
328	n04553703	washbasin	0.00261122277152%
329	n03793489	mouse	0.00260276192421%
330	n02504013	Indian_elephant	0.00256987168541%
331	n04049303	rain_barrel	0.00255296072282%
332	n02672831	accordion	0.00251891633525%
333	n02109525	Saint_Bernard	0.00250702723861%
334	n03938244	pillow	0.00250615466939%
335	n04238763	slide_rule	0.00249199310929%
336	n01773549	barn_spider	0.00240741628659%
337	n04552348	warplane	0.0023614606107%
338	n02804414	bassinet	0.00235238203459%
339	n02978881	cassette	0.00228588523896%
340	n07248320	book_jacket	0.00227632208407%
341	n03272010	electric_guitar	0.00227231594181%
342	n03929855	pickelhaube	0.00226177162403%
343	n03958227	plastic_bag	0.00225783878705%
344	n04447861	toilet_seat	0.0022368521968%
345	n07753113	fig	0.00222738581215%
346	n03680355	Loafer	0.00221143964154%
347	n03314780	face_powder	0.00218860604946%
348	n03775071	mitten	0.00218550248974%
349	n03888257	parachute	0.00215738091356%
350	n13133613	ear	0.00215234395%
351	n03787032	mortarboard	0.00213302355405%
352	n04592741	wing	0.00210974594665%
353	n04099969	rocking_chair	0.00209611644095%
354	n07711569	mashed_potato	0.00208433539228%
355	n03404251	fur_coat	0.00208015335375%
356	n04429376	throne	0.00202793817152%
357	n03891332	parking_meter	0.0020051626052%
358	n03467068	guillotine	0.00198269972316%
359	n07754684	jackfruit	0.00198050001927%
360	n02094258	Norwich_terrier	0.00198028283194%
361	n04081281	restaurant	0.00197847257368%
362	n02782093	balloon	0.00197241952264%
363	n02701002	ambulance	0.00197045483219%
364	n04548280	wall_clock	0.00195201300812%
365	n02110958	pug	0.00193259511434%
366	n03337140	file	0.00191192229977%
367	n02174001	rhinoceros_beetle	0.00190797145478%
368	n03594734	jean	0.00187172481674%
369	n02113978	Mexican_hairless	0.00186706820386%
370	n02484975	guenon	0.00186175002455%
371	n02808304	bath_towel	0.00181562809303%
372	n04371774	swing	0.00179854432645%
373	n02138441	meerkat	0.00179469443538%
374	n06874185	traffic_light	0.00179012531589%
375	n03355925	flagpole	0.00176470293809%
376	n02727426	apiary	0.00176128814928%
377	n03388043	fountain	0.00175372406375%
378	n02206856	bee	0.00173716816789%
379	n01592084	chickadee	0.00172639356606%
380	n02112706	Brabancon_griffon	0.0017195710825%
381	n04487394	trombone	0.00170950370375%
382	n04254680	soccer_ball	0.00167297966982%
383	n03447721	gong	0.00164993998624%
384	n01818515	macaw	0.00163795739354%
385	n04070727	refrigerator	0.0016372263417%
386	n02364673	guinea_pig	0.00163378244906%
387	n02169497	leaf_beetle	0.00162397718668%
388	n03642806	laptop	0.00161739153555%
389	n03929660	pick	0.00160092822625%
390	n04131690	saltshaker	0.00159854989761%
391	n04111531	rotisserie	0.00159032661031%
392	n03032252	cinema	0.00158948660101%
393	n03633091	ladle	0.00155712368723%
394	n02113799	standard_poodle	0.00155600591825%
395	n03998194	prayer_rug	0.00151340018419%
396	n04152593	screen	0.00148525959958%
397	n10148035	groom	0.00146896272781%
398	n04235860	sleeping_bag	0.00144886116686%
399	n04065272	recreational_vehicle	0.00142328835864%
400	n02480495	orangutan	0.00141556693052%
401	n04296562	stage	0.00141549271575%
402	n02877765	bottlecap	0.00140137326525%
403	n02699494	altar	0.00138958475873%
404	n03450230	gown	0.00138576551763%
405	n01798484	prairie_chicken	0.00138382411023%
406	n03617480	kimono	0.00137310616992%
407	n02123597	Siamese_cat	0.00137034203362%
408	n01692333	Gila_monster	0.00136466114782%
409	n03706229	magnetic_compass	0.0013634539755%
410	n01980166	fiddler_crab	0.00132937211674%
411	n03045698	cloak	0.00132057393785%
412	n02096051	Airedale	0.00131748820422%
413	n03658185	letter_opener	0.00129870004457%
414	n02123394	Persian_cat	0.00128327947095%
415	n02102480	Sussex_spaniel	0.00128316578412%
416	n02110341	dalmatian	0.00127233279272%
417	n03492542	hard_disc	0.00125391834445%
418	n01955084	chiton	0.00124946218421%
419	n01774384	black_widow	0.00124595553643%
420	n02412080	ram	0.00123698118841%
421	n03062245	cocktail_shaker	0.00123661675389%
422	n01665541	leatherback_turtle	0.0012254741705%
423	n01985128	crayfish	0.00121862722153%
424	n03891251	park_bench	0.00120732329378%
425	n04579145	whiskey_jug	0.00117336485346%
426	n01978455	rock_crab	0.00114051390483%
427	n04033995	quilt	0.00113921269076%
428	n02092339	Weimaraner	0.00113459491331%
429	n02124075	Egyptian_cat	0.00112642819659%
430	n04074963	remote_control	0.00110832270366%
431	n02097047	miniature_schnauzer	0.00109404363684%
432	n03207743	dishrag	0.00106950774352%
433	n03394916	French_horn	0.00106870638774%
434	n02870880	bookcase	0.00105901417555%
435	n07760859	custard_apple	0.00105745602923%
436	n01873310	platypus	0.00104295368146%
437	n02097209	standard_schnauzer	0.00102676558527%
438	n03417042	garbage_truck	0.000994513084152%
439	n04579432	whistle	0.000992267814581%
440	n02939185	caldron	0.000992121113086%
441	n01667114	mud_turtle	0.000981385892374%
442	n03495258	harp	0.000974532758846%
443	n02106166	Border_collie	0.000967365758697%
444	n07590611	hot_pot	0.000961615114647%
445	n01882714	koala	0.000951944093686%
446	n07583066	guacamole	0.000940951395023%
447	n03344393	fireboat	0.000938777793635%
448	n02835271	bicycle-built-for-two	0.000935216939979%
449	n04146614	school_bus	0.000889117927727%
450	n04548362	wallet	0.000876898411661%
451	n02134084	ice_bear	0.00087565576905%
452	n03372029	flute	0.000868389906827%
453	n03201208	dining_table	0.000860190357344%
454	n04357314	sunscreen	0.000859353167471%
455	n04596742	wok	0.000858236762724%
456	n03085013	computer_keyboard	0.000850873675518%
457	n04404412	television	0.000846541843202%
458	n02963159	cardigan	0.000837316201796%
459	n03776460	mobile_home	0.000833678859635%
460	n03676483	lipstick	0.000830101726024%
461	n02098105	soft-coated_wheaten_terrier	0.000830076351122%
462	n04254777	sock	0.000826927680464%
463	n02106030	collie	0.000819794786366%
464	n01819313	sulphur-crested_cockatoo	0.000817211093818%
465	n04350905	suit	0.000806654952612%
466	n04483307	trimaran	0.000803634975455%
467	n07697537	hotdog	0.000795311552793%
468	n03838899	oboe	0.000792139962869%
469	n02837789	bikini	0.000788398756413%
470	n13054560	bolete	0.000786133568909%
471	n02107312	miniature_pinscher	0.000773469128035%
472	n04209133	shower_cap	0.000772529983806%
473	n02097658	silky_terrier	0.000769740472606%
474	n01984695	spiny_lobster	0.000763906155044%
475	n07565083	menu	0.000760914917919%
476	n03710193	mailbox	0.000748639558878%
477	n04456115	torch	0.000747747662899%
478	n03769881	minibus	0.000746756359149%
479	n03445777	golf_ball	0.00074230511018%
480	n02510455	giant_panda	0.000734201603336%
481	n01530575	brambling	0.000732302305551%
482	n02097474	Tibetan_terrier	0.000730451210984%
483	n02791270	barbershop	0.000730290275897%
484	n03459775	grille	0.000723559514881%
485	n04118538	rugby_ball	0.000716707018%
486	n02226429	grasshopper	0.000715142095942%
487	n04239074	sliding_door	0.000712723021934%
488	n02441942	weasel	0.000710671929482%
489	n04263257	soup_bowl	0.000703493105902%
490	n02095889	Sealyham_terrier	0.00069991692726%
491	n01797886	ruffed_grouse	0.000698988378645%
492	n09246464	cliff	0.000696655797583%
493	n09428293	seashore	0.000694503205523%
494	n01753488	horned_viper	0.000688829140927%
495	n02101556	clumber	0.000683542975821%
496	n06596364	comic_book	0.000682217660142%
497	n01770393	scorpion	0.00067938299253%
498	n01694178	African_chameleon	0.000677045500197%
499	n01795545	black_grouse	0.000677037087371%
500	n04418357	theater_curtain	0.000669450037094%
501	n04542943	waffle_iron	0.000660235582473%
502	n03240683	drilling_platform	0.000656037309454%
503	n07584110	consomme	0.0006490215128%
504	n04355338	sundial	0.000642698341835%
505	n02085936	Maltese_dog	0.000634199795968%
506	n03207941	dishwasher	0.000633017862128%
507	n03942813	ping-pong_ball	0.00062770727709%
508	n02808440	bathtub	0.000625180791758%
509	n02509815	lesser_panda	0.00062215754042%
510	n02087046	toy_terrier	0.000621302524451%
511	n03131574	crib	0.000618101694272%
512	n09229709	bubble	0.000610883125773%
513	n03291819	envelope	0.000608154596193%
514	n02086646	Blenheim_spaniel	0.000602262844041%
515	n01990800	isopod	0.00059720232457%
516	n07714571	head_cabbage	0.000594448101765%
517	n02363005	beaver	0.000591827983953%
518	n04141076	sax	0.000591188836552%
519	n03777754	modem	0.000579992001803%
520	n02097298	Scotch_terrier	0.000574322211833%
521	n02231487	walking_stick	0.000573874876864%
522	n04258138	solar_dish	0.000571695909457%
523	n02106382	Bouvier_des_Flandres	0.00056889221014%
524	n02906734	broom	0.000566394965062%
525	n02102040	English_springer	0.000563299727219%
526	n03710637	maillot	0.000560925991522%
527	n03345487	fire_engine	0.000559161890124%
528	n02107908	Appenzeller	0.000554827374799%
529	n02110627	affenpinscher	0.000551722223463%
530	n02443484	black-footed_ferret	0.000548670504941%
531	n07697313	cheeseburger	0.000547254330741%
532	n02927161	butcher_shop	0.000543476835446%
533	n03980874	poncho	0.000539653410669%
534	n02454379	armadillo	0.000535422122994%
535	n02127052	lynx	0.000533885804543%
536	n01978287	Dungeness_crab	0.000533608908881%
537	n02814533	beach_wagon	0.00053131570894%
538	n02132136	brown_bear	0.000530900888407%
539	n03782006	monitor	0.000524304050487%
540	n01930112	nematode	0.000517216631124%
541	n02317335	starfish	0.000507813911099%
542	n03670208	limousine	0.000507334198119%
543	n04200800	shoe_shop	0.000506021842739%
544	n03218198	dogsled	0.000501183603774%
545	n03956157	planetarium	0.000499215866512%
546	n02094114	Norfolk_terrier	0.000497681867273%
547	n03937543	pill_bottle	0.000496775692227%
548	n02097130	giant_schnauzer	0.000495189215144%
549	n02397096	warthog	0.000492818571729%
550	n02494079	squirrel_monkey	0.000486829549118%
551	n03764736	milk_can	0.000484533529743%
552	n04479046	trench_coat	0.000482596624352%
553	n01675722	banded_gecko	0.000480548806081%
554	n06794110	street_sign	0.00047532453209%
555	n02747177	ashcan	0.000473809723189%
556	n02093647	Bedlington_terrier	0.000473249292554%
557	n03388183	fountain_pen	0.000470980558021%
558	n02398521	hippopotamus	0.000466941537525%
559	n03133878	Crock_Pot	0.00046398208724%
560	n04026417	purse	0.000463275137008%
561	n01914609	sea_anemone	0.00045775595936%
562	n02443114	polecat	0.000453908296549%
563	n02113186	Cardigan	0.000444996931037%
564	n02086240	Shih-Tzu	0.000443489989266%
565	n02643566	lionfish	0.000440611893282%
566	n02093991	Irish_terrier	0.000425444295615%
567	n01616318	vulture	0.000424914742325%
568	n01496331	electric_ray	0.000421854201704%
569	n09193705	alp	0.000418693480242%
570	n07717556	butternut_squash	0.00041751200115%
571	n02500267	indri	0.000415802605858%
572	n01560419	bulbul	0.000410677057516%
573	n03877472	pajama	0.000409063068219%
574	n02233338	cockroach	0.000408910182159%
575	n02641379	gar	0.00040863187678%
576	n02134418	sloth_bear	0.000401477200285%
577	n01728920	ringneck_snake	0.000397003486796%
578	n03160309	dam	0.00039135688894%
579	n04493381	tub	0.000390623426938%
580	n02105251	briard	0.000389982096749%
581	n02128385	leopard	0.000376007983505%
582	n01558993	robin	0.000372390127268%
583	n03840681	ocarina	0.000371068517779%
584	n02086910	papillon	0.000366630024473%
585	n04136333	sarong	0.000366617086911%
586	n01775062	wolf_spider	0.000365978871741%
587	n02106662	German_shepherd	0.000365750315723%
588	n03743016	megalith	0.000363978529094%
589	n03590841	jack-o'-lantern	0.000361884167432%
590	n02106550	Rottweiler	0.00035969756027%
591	n01817953	African_grey	0.00035616394598%
592	n02410509	bison	0.00035223949908%
593	n01770081	harvestman	0.000350834125129%
594	n01582220	magpie	0.000348336402567%
595	n03792972	mountain_tent	0.00034684333059%
596	n02445715	skunk	0.00034406280065%
597	n02099601	golden_retriever	0.00034392503494%
598	n07695742	pretzel	0.000342175735568%
599	n04435653	tile_roof	0.000339664120474%
600	n09421951	sandbar	0.000338379936693%
601	n02607072	anemone_fish	0.000337902338288%
602	n02490219	marmoset	0.000336691232405%
603	n03180011	desktop_computer	0.000331800265485%
604	n02093754	Border_terrier	0.000329210638483%
605	n02088632	bluetick	0.00032870616451%
606	n03220513	dome	0.000328401915795%
607	n04540053	volleyball	0.000326619397129%
608	n02089078	black-and-tan_coonhound	0.000325439737026%
609	n03961711	plate_rack	0.000322607047565%
610	n04501370	turnstile	0.000322492610394%
611	n02667093	abaya	0.000316939531331%
612	n07873807	pizza	0.000315633451464%
613	n03761084	microwave	0.000313897180604%
614	n04209239	shower_curtain	0.000313104897032%
615	n03018349	china_cabinet	0.000311397411679%
616	n02105412	kelpie	0.000310570248985%
617	n04039381	racket	0.000305591493088%
618	n01518878	ostrich	0.000305418393509%
619	n03347037	fire_screen	0.000304643458549%
620	n02104365	schipperke	0.000303606566376%
621	n04147183	schooner	0.000300346027871%
622	n03216828	dock	0.000299409134641%
623	n04370456	sweatshirt	0.000297114820569%
624	n04525305	vending_machine	0.000296158623314%
625	n01983481	American_lobster	0.000292884465125%
626	n02088238	basset	0.000291848073175%
627	n03841143	odometer	0.000289411264021%
628	n02788148	bannister	0.000286967679131%
629	n02268443	dragonfly	0.000286204613076%
630	n03873416	paddle	0.000283100962406%
631	n02236044	mantis	0.000282995415546%
632	n02099849	Chesapeake_Bay_retriever	0.000281824668491%
633	n02487347	macaque	0.000281520306089%
634	n03902125	pay-phone	0.000280404015029%
635	n02091635	otterhound	0.00027674791454%
636	n01740131	night_snake	0.000275010711448%
637	n02690373	airliner	0.000274634862762%
638	n01677366	common_iguana	0.000274088256447%
639	n03016953	chiffonier	0.00027189823868%
640	n02444819	otter	0.000269973270406%
641	n02101006	Gordon_setter	0.000265684343503%
642	n12998815	agaric	0.000264863660959%
643	n02120505	grey_fox	0.000263985816673%
644	n07749582	lemon	0.000263085826191%
645	n02356798	fox_squirrel	0.000261891023001%
646	n02277742	ringlet	0.000260396495833%
647	n02692877	airship	0.000258205045611%
648	n02504458	African_elephant	0.000257880924437%
649	n02865351	bolo_tie	0.000256850080405%
650	n02403003	ox	0.00025648096198%
651	n02116738	African_hunting_dog	0.000255517579717%
652	n01622779	great_grey_owl	0.000251263168138%
653	n02119022	red_fox	0.000249233880822%
654	n02167151	ground_beetle	0.000248887317866%
655	n02109961	Eskimo_dog	0.000248266474046%
656	n03461385	grocery_store	0.000246282297667%
657	n03888605	parallel_bars	0.000243287695412%
658	n02102177	Welsh_springer_spaniel	0.000241231032305%
659	n01514668	cock	0.000239755377152%
660	n06785654	crossword_puzzle	0.000235726975006%
661	n02130308	cheetah	0.000235369134316%
662	n03837869	obelisk	0.000234196750171%
663	n01748264	Indian_cobra	0.000231241256188%
664	n02492035	capuchin	0.000228734506891%
665	n02112018	Pomeranian	0.000227682880904%
666	n02457408	three-toed_sloth	0.000225318922276%
667	n01847000	drake	0.000224387622438%
668	n01688243	frilled_lizard	0.000223123515752%
669	n01843383	toucan	0.000221297659664%
670	n02536864	coho	0.000220368883674%
671	n03538406	horse_cart	0.000215858381125%
672	n01981276	king_crab	0.00021582318368%
673	n02105162	malinois	0.000214393321585%
674	n02980441	castle	0.000213970906771%
675	n03899768	patio	0.000211792939808%
676	n03000134	chainlink_fence	0.000209753920899%
677	n02105641	Old_English_sheepdog	0.000208411574931%
678	n03895866	passenger_car	0.000207342236536%
679	n02395406	hog	0.000206339177566%
680	n01829413	hornbill	0.000205888068194%
681	n03529860	home_theater	0.000205681408261%
682	n01644373	tree_frog	0.00020504216991%
683	n03733805	measuring_cup	0.00020259383291%
684	n02101388	Brittany_spaniel	0.000198648035621%
685	n02804610	bassoon	0.000197648205358%
686	n04285008	sports_car	0.000195677785086%
687	n04591157	Windsor_tie	0.00018989558157%
688	n04523525	vault	0.000187546902453%
689	n03535780	horizontal_bar	0.000183595557246%
690	n01806567	quail	0.000179290759661%
691	n01629819	European_fire_salamander	0.000178342600066%
692	n04417672	thatch	0.000177447850547%
693	n03710721	maillot	0.000177207209617%
694	n02391049	zebra	0.000176716923761%
695	n09256479	coral_reef	0.000175030288574%
696	n02268853	damselfly	0.000174575200163%
697	n02988304	CD_player	0.000173765283762%
698	n02488702	colobus	0.000172927627773%
699	n02056570	king_penguin	0.000171496003532%
700	n02606052	rock_beauty	0.00016951564703%
701	n03977966	police_van	0.000168625604147%
702	n04005630	prison	0.000165715823641%
703	n07718747	artichoke	0.000164901257449%
704	n04311174	steel_drum	0.000164626283095%
705	n01632458	spotted_salamander	0.000163728793723%
706	n02107683	Bernese_mountain_dog	0.0001632809699%
707	n04486054	triumphal_arch	0.000160947411132%
708	n03100240	convertible	0.000160640422564%
709	n04243546	slot	0.000159573278324%
710	n03598930	jigsaw_puzzle	0.000158394141181%
711	n13040303	stinkhorn	0.000158378873039%
712	n04515003	upright	0.000157891179242%
713	n03874293	paddlewheel	0.000157092426889%
714	n02229544	cricket	0.000156996270562%
715	n02137549	mongoose	0.000155877648922%
716	n09472597	volcano	0.000155755060405%
717	n01644900	tailed_frog	0.000155607926899%
718	n03930313	picket_fence	0.000154947917963%
719	n01871265	tusker	0.000154321764967%
720	n03781244	monastery	0.000153729786234%
721	n03770679	minivan	0.000150275513988%
722	n02483708	siamang	0.00014950574041%
723	n01734418	king_snake	0.000146174693327%
724	n02117135	hyena	0.000143905435834%
725	n01807496	partridge	0.000143391298479%
726	n02088466	bloodhound	0.000142346539178%
727	n07718472	cucumber	0.000140050815389%
728	n03457902	greenhouse	0.000139904636853%
729	n02095570	Lakeland_terrier	0.000139647909236%
730	n03290653	entertainment_center	0.000138830046126%
731	n02099712	Labrador_retriever	0.000138711209274%
732	n02095314	wire-haired_fox_terrier	0.000138310838338%
733	n02098413	Lhasa	0.00013461119579%
734	n02777292	balance_beam	0.00013437954749%
735	n02783161	ballpoint	0.000133342450681%
736	n03673027	liner	0.000130128671572%
737	n02165456	ladybug	0.000128006786326%
738	n02112137	chow	0.000127876353417%
739	n03259280	Dutch_oven	0.000127423618324%
740	n12985857	coral_fungus	0.000126631232433%
741	n01601694	water_ouzel	0.000125794929318%
742	n02133161	American_black_bear	0.000124991083794%
743	n02687172	aircraft_carrier	0.000124045720895%
744	n04532106	vestment	0.00012354514638%
745	n04326547	stone_wall	0.000123224606341%
746	n02814860	beacon	0.000121552068322%
747	n11939491	daisy	0.000119705589441%
748	n03742115	medicine_chest	0.000119458343306%
749	n02281787	lycaenid	0.000118515481518%
750	n03788365	mosquito_net	0.000118456614473%
751	n02085782	Japanese_spaniel	0.000116922785764%
752	n07716358	zucchini	0.000116911417081%
753	n02091134	whippet	0.000116618889479%
754	n02165105	tiger_beetle	0.000115867283057%
755	n02281406	sulphur_butterfly	0.000114228112125%
756	n02489166	proboscis_monkey	0.000112270174668%
757	n02100236	German_short-haired_pointer	0.000112222107873%
758	n03661043	library	0.000111395104341%
759	n02112350	keeshond	0.000111094652766%
760	n03877845	palace	0.000108863002879%
761	n03868242	oxcart	0.000108328924853%
762	n02871525	bookshop	0.000107284665773%
763	n07768694	pomegranate	0.000105724268451%
764	n02264363	lacewing	0.000105389551663%
765	n01532829	house_finch	0.000104606897366%
766	n02108089	boxer	0.000103175841559%
767	n02666196	abacus	0.00010315606005%
768	n01756291	sidewinder	0.000102147441794%
769	n02074367	dugong	0.000101504872418%
770	n02087394	Rhodesian_ridgeback	0.000100722650132%
771	n02892201	brass	0.000100617512544%
772	n02802426	basketball	0.000100187685348%
773	n02408429	water_buffalo	9.89260684037e-05%
774	n02114548	white_wolf	9.84207531474e-05%
775	n02981792	catamaran	9.70276573753e-05%
776	n02129604	tiger	9.69693815023e-05%
777	n02123159	tiger_cat	9.64976038631e-05%
778	n04273569	speedboat	9.62548710959e-05%
779	n01917289	brain_coral	9.60142074291e-05%
780	n01494475	hammerhead	9.53992980612e-05%
781	n03733281	maze	9.49157879404e-05%
782	n03920288	Petri_dish	9.22599951991e-05%
783	n02107142	Doberman	9.21041305446e-05%
784	n04589890	window_screen	9.17549357382e-05%
785	n01614925	bald_eagle	8.97798315691e-05%
786	n01872401	echidna	8.91180377494e-05%
787	n02088094	Afghan_hound	8.90313003765e-05%
788	n02105855	Shetland_sheepdog	8.90153444288e-05%
789	n02086079	Pekinese	8.8137505827e-05%
790	n04335435	streetcar	8.72188991252e-05%
791	n04613696	yurt	8.58581074681e-05%
792	n02113023	Pembroke	8.5635429059e-05%
793	n02111277	Newfoundland	8.4609661144e-05%
794	n01883070	wombat	8.42609949814e-05%
795	n02051845	pelican	8.07420292404e-05%
796	n02825657	bell_cote	8.05810316251e-05%
797	n02280649	cabbage_butterfly	8.04384512776e-05%
798	n02104029	kuvasz	7.9719364976e-05%
799	n01534433	junco	7.96350207111e-05%
800	n02093256	Staffordshire_bullterrier	7.9535294617e-05%
801	n04347754	submarine	7.79072820478e-05%
802	n01855032	red-breasted_merganser	7.74490217736e-05%
803	n02105505	komondor	7.51377911001e-05%
804	n03733131	maypole	7.46252680983e-05%
805	n03028079	church	7.33064212e-05%
806	n02108422	bull_mastiff	7.19376544112e-05%
807	n03788195	mosque	7.15984526778e-05%
808	n02437616	llama	6.97811799455e-05%
809	n04532670	viaduct	6.93140464136e-05%
810	n03854065	organ	6.92249329859e-05%
811	n03777568	Model_T	6.90120884883e-05%
812	n02840245	binder	6.77692469253e-05%
813	n02100583	vizsla	6.73958766129e-05%
814	n02110806	basenji	6.68295740525e-05%
815	n07880968	burrito	6.58964609102e-05%
816	n07875152	potpie	6.52866958717e-05%
817	n02361337	marmot	6.37266055037e-05%
818	n01728572	thunder_snake	6.29790633866e-05%
819	n02111500	Great_Pyrenees	6.29642329386e-05%
820	n01945685	slug	6.28838222383e-05%
821	n02108000	EntleBucher	6.25602751825e-05%
822	n02108915	French_bulldog	6.22483639745e-05%
823	n02128925	jaguar	6.18291835508e-05%
824	n02028035	redshank	6.16517183971e-05%
825	n02125311	cougar	6.16280885879e-05%
826	n02037110	oystercatcher	6.14812108779e-05%
827	n04590129	window_shade	6.142055895e-05%
828	n02396427	wild_boar	6.09085304859e-05%
829	n03717622	manhole_cover	5.90750630636e-05%
830	n02860847	bobsled	5.90213403484e-05%
831	n03662601	lifeboat	5.8858893226e-05%
832	n02389026	sorrel	5.8439292161e-05%
833	n01796340	ptarmigan	5.83751841532e-05%
834	n02342885	hamster	5.82821769513e-05%
835	n01910747	jellyfish	5.72256396936e-05%
836	n02951358	canoe	5.70455540583e-05%
837	n02917067	bullet_train	5.56443808364e-05%
838	n01729322	hognose_snake	5.54700648081e-05%
839	n02018795	bustard	5.46426974779e-05%
840	n04562935	water_tower	5.4056584986e-05%
841	n02099267	flat-coated_retriever	5.37155642633e-05%
842	n01631663	eft	5.26416613411e-05%
843	n07717410	acorn_squash	5.22836273831e-05%
844	n03447447	gondola	5.21649951679e-05%
845	n02481823	chimpanzee	5.19858588177e-05%
846	n04371430	swimming_trunks	5.17834337188e-05%
847	n07831146	carbonara	5.11384257607e-05%
848	n02730930	apron	5.08340860961e-05%
849	n01641577	bullfrog	5.06869696437e-05%
850	n01608432	kite	4.9935891866e-05%
851	n02011460	bittern	4.96436371122e-05%
852	n01774750	tarantula	4.96314214615e-05%
853	n03095699	container_ship	4.88935143039e-05%
854	n01773797	garden_spider	4.87962097395e-05%
855	n03599486	jinrikisha	4.85420343921e-05%
856	n01664065	loggerhead	4.83491476189e-05%
857	n02090379	redbone	4.72002341212e-05%
858	n02514041	barracouta	4.66052910042e-05%
859	n02107574	Greater_Swiss_Mountain_dog	4.60547681769e-05%
860	n01687978	agama	4.57804219423e-05%
861	n01820546	lorikeet	4.52302373333e-05%
862	n01580077	jay	4.50766776794e-05%
863	n03796401	moving_van	4.49245419532e-05%
864	n02486261	patas	4.42310067683e-05%
865	n02089867	Walker_hound	4.3956748641e-05%
866	n02109047	Great_Dane	4.35095245166e-05%
867	n02326432	hare	4.33692122215e-05%
868	n02096177	cairn	4.27350840937e-05%
869	n07730033	cardoon	4.26567851264e-05%
870	n02807133	bathing_cap	4.24333848059e-05%
871	n02894605	breakwater	4.23503024649e-05%
872	n01784675	centipede	4.11399270206e-05%
873	n02977058	cash_machine	4.09095662235e-05%
874	n01484850	great_white_shark	4.09013324543e-05%
875	n03042490	cliff_dwelling	4.05540617976e-05%
876	n01698640	American_alligator	3.93870180915e-05%
877	n03376595	folding_chair	3.90332786537e-05%
878	n02823750	beer_glass	3.88250384731e-05%
879	n02655020	puffer	3.88039779864e-05%
880	n02325366	wood_rabbit	3.79733933187e-05%
881	n01828970	bee_eater	3.78723086669e-05%
882	n01776313	tick	3.77641129035e-05%
883	n04149813	scoreboard	3.77491687686e-05%
884	n01751748	sea_snake	3.76406745772e-05%
885	n02088364	beagle	3.71199661231e-05%
886	n02114367	timber_wolf	3.6708044604e-05%
887	n01824575	coucal	3.62948867405e-05%
888	n01531178	goldfinch	3.42491887295e-05%
889	n02006656	spoonbill	3.37866055133e-05%
890	n02098286	West_Highland_white_terrier	3.34833544002e-05%
891	n02114712	red_wolf	3.26826750552e-05%
892	n01443537	goldfish	3.23431237348e-05%
893	n02346627	porcupine	3.19639980262e-05%
894	n02328150	Angora	3.1890738228e-05%
895	n01630670	common_newt	3.13994036105e-05%
896	n02091244	Ibizan_hound	3.06754316171e-05%
897	n01739381	vine_snake	3.06562185415e-05%
898	n01440764	tench	2.97412043437e-05%
899	n02417914	ibex	2.9118265843e-05%
900	n02096294	Australian_terrier	2.86766720592e-05%
901	n03933933	pier	2.8658163842e-05%
902	n02002556	white_stork	2.80118968021e-05%
903	n02115641	dingo	2.69514998763e-05%
904	n04275548	spider_web	2.68988344487e-05%
905	n02190166	fly	2.6662411301e-05%
906	n11879895	rapeseed	2.66414161842e-05%
907	n02100735	English_setter	2.64614584466e-05%
908	n02279972	monarch	2.62755463609e-05%
909	n02442845	mink	2.60031583821e-05%
910	n13037406	gyromitra	2.5924663305e-05%
911	n02071294	killer_whale	2.52337144957e-05%
912	n04366367	suspension_bridge	2.47002191145e-05%
913	n02018207	American_coot	2.35877308796e-05%
914	n02096437	Dandie_Dinmont	2.35296980122e-05%
915	n02105056	groenendael	2.32059420568e-05%
916	n02640242	sturgeon	2.24075080268e-05%
917	n02259212	leafhopper	2.1954606666e-05%
918	n02526121	eel	2.18644046868e-05%
919	n01695060	Komodo_dragon	2.13699991036e-05%
920	n07720875	bell_pepper	2.10622161489e-05%
921	n02110063	malamute	2.10482994589e-05%
922	n04487081	trolleybus	2.05287207677e-05%
923	n04311004	steel_arch_bridge	2.01121068244e-05%
924	n02128757	snow_leopard	1.99376358978e-05%
925	n02859443	boathouse	1.9555214692e-05%
926	n09399592	promontory	1.92928965248e-05%
927	n01755581	diamondback	1.89923369476e-05%
928	n02108551	Tibetan_mastiff	1.85622923254e-05%
929	n02111129	Leonberg	1.83237773399e-05%
930	n02415577	bighorn	1.82812044613e-05%
931	n02089973	English_foxhound	1.79899558361e-05%
932	n02090721	Irish_wolfhound	1.70048096493e-05%
933	n01537544	indigo_bunting	1.6726029628e-05%
934	n02091831	Saluki	1.628614541e-05%
935	n02100877	Irish_setter	1.62546626825e-05%
936	n01773157	black_and_gold_garden_spider	1.58144558782e-05%
937	n02111889	Samoyed	1.57082453711e-05%
938	n02012849	crane	1.47578262499e-05%
939	n02488291	langur	1.44358963894e-05%
940	n02493509	titi	1.42369003697e-05%
941	n01735189	garter_snake	1.39633712593e-05%
942	n01877812	wallaby	1.39051394399e-05%
943	n02025239	ruddy_turnstone	1.38706511166e-05%
944	n02422106	hartebeest	1.37636277486e-05%
945	n01697457	African_crocodile	1.36776847626e-05%
946	n02120079	Arctic_fox	1.36730676559e-05%
947	n02486410	baboon	1.36487841473e-05%
948	n01950731	sea_slug	1.32399122776e-05%
949	n02077923	sea_lion	1.3203673177e-05%
950	n02793495	barn	1.32006249487e-05%
951	n02483362	gibbon	1.30885823069e-05%
952	n09468604	valley	1.29040600427e-05%
953	n01744401	rock_python	1.25865426526e-05%
954	n02129165	lion	1.24806746271e-05%
955	n01729977	green_snake	1.23290263332e-05%
956	n01693334	green_lizard	1.20486859601e-05%
957	n02007558	flamingo	1.20092934708e-05%
958	n04612504	yawl	1.17333350147e-05%
959	n09332890	lakeside	1.17101173203e-05%
960	n01806143	peacock	1.12861627599e-05%
961	n02093428	American_Staffordshire_terrier	1.12304178401e-05%
962	n01860187	black_swan	1.09334173715e-05%
963	n02027492	red-backed_sandpiper	1.09245050339e-05%
964	n01682714	American_chameleon	1.08261843934e-05%
965	n01833805	hummingbird	1.03535946039e-05%
966	n02002724	black_stork	9.84154340244e-06%
967	n02492660	howler_monkey	9.59644523846e-06%
968	n02066245	grey_whale	9.5678700518e-06%
969	n01689811	alligator_lizard	9.07257842186e-06%
970	n01749939	green_mamba	8.3244266591e-06%
971	n01632777	axolotl	7.70791643845e-06%
972	n02110185	Siberian_husky	7.62793774811e-06%
973	n02422699	impala	7.56405995617e-06%
974	n02091467	Norwegian_elkhound	7.53886126859e-06%
975	n02480855	gorilla	7.26821127728e-06%
976	n01843065	jacamar	6.80546961007e-06%
977	n01514859	hen	6.6207356042e-06%
978	n02115913	dhole	6.29685814602e-06%
979	n01924916	flatworm	6.11356938407e-06%
980	n01737021	water_snake	6.01770224762e-06%
981	n01685808	whiptail	5.79021524061e-06%
982	n02090622	borzoi	5.28536610034e-06%
983	n02092002	Scottish_deerhound	5.2614424817e-06%
984	n09288635	geyser	5.22075680465e-06%
985	n02119789	kit_fox	5.02020682802e-06%
986	n01491361	tiger_shark	4.68795917641e-06%
987	n12057211	yellow_lady's_slipper	4.58103102119e-06%
988	n02033041	dowitcher	4.35187956782e-06%
989	n02114855	coyote	4.1295333375e-06%
990	n02423022	gazelle	3.64537093844e-06%
991	n04604644	worm_fence	3.30903411339e-06%
992	n02009912	American_egret	3.30748193278e-06%
993	n01498041	stingray	3.25066871198e-06%
994	n02017213	European_gallinule	3.0871838419e-06%
995	n02058221	albatross	3.04420666453e-06%
996	n01742172	boa_constrictor	2.79586647167e-06%
997	n01855672	goose	2.6866670666e-06%
998	n02013706	limpkin	2.47121043628e-06%
999	n02493793	spider_monkey	2.22357705582e-06%
1000	n02009229	little_blue_heron	2.07064978497e-06%
